Protein ID,Protein Name,Protein Sequence,Cluster Name,Representative Accession,PhaLP Type,Sequence Length,Phage Name,Phage Lineage Family,Host Names,EC Numbers,EC Entry Names
9817,30aZ,MEYKIRAKQAPILTRELKRGCQGDDVILLQQRLLDIGFDLGYYGADGYFGGVTQDKLNDLLVAYGLKPEGKVTQDIWVLLFGEHAFAQFNNKMFKCLCGKYCDGYYKGGINPAIKILLARIQSAMRKQLGYTDDVCLVVKSNKTAYPGNGGYRCKRWNQRRGGATYSQHLYAKAADVYPAIGNIPAAEYFDLLFECADQCNPYGGVGIGTHTNRYMGVCHVDVRGRKSRWAYAR,phalp2_10083,30aZ,endolysin,234,Unknown from Metagenome,,,,
16808,4JRfo,MAPREISVLQTQAVVAGYAADSPQRVFLARDGKFGPATELAVRDFQSAHQLKVDGIVGPNTTRELYAVGTPDWSTVHFNWNEFASRGSFAGGLTKNIQGNVLLMMFKLEALRFKGGQRPLRINSGFRSVSHNAQVGGASNSQHMYGIAADITIDGLSPRQVATLAKTCGFSGVKAYRNHVHVDSRAEFDYGSTGWWWA,phalp2_20618,4JRfo,endolysin,198,Unknown from Metagenome,,,,
18499,4YH66,MSEQVRQAQAWLREIGFKVAGRPIEVDGRLGPQTKRATTCFQFGWTPTKLATDGIPGPLTLTALEQSAAWGQRPSEHFRFLEFASRGNGEIWIDRELVLKLEQLREVTGPVFIASGYRDPSYNRSIGGAKASQHLYGRAVDPKFTRHVGLDEVRALGLFSGIGHRPAVGNRVEHVDIRPSATPAAPTVWTYPR,phalp2_11075,4YH66,endolysin,193,Unknown from Metagenome,,,,
21638,5Bl31,MDTKQIQSLLATHGFPCGKIDGELGPNTKAAVARFQMAFNIGPWLTVDSIPGANTQAALANLPHLSQNFVVDELRSHGNGDCYVKRELLAALEKLRDLLNMPIHVIDAYRDPAHNAAVGGEQDSMHVLGYAADIPQICGWRKVASLQIFSGIGDRNGAISHIDMRHLAGANNHTPQATPLNPARWTY,phalp2_18374,5Bl31,endolysin,187,Unknown from Metagenome,,,,
61158,1FARM,MGDMDIKQIQTKLNNNGFPCGIVDGDVGPRTKQAVAHFQRACNTVPWLTVDGVPGPKTVAGLEALPHLSSNFVVEELKSNGNGDCYVMRELLKALEEFRNRLGMPLHIISAYRDPVHNKKVGGAQYSMHLLGFAADVPQLMSWRRVAEMRIFSGIGQRNGMISHVDMRHLSNKNQTASASPTNPVVWSY,phalp2_18374,5Bl31,endolysin,189,Unknown from Metagenome,,,,
63029,1HP15,MAAKYISKRESVKQTQTLLNQYAAAGLEVDGRYGDNTHAAYMAATGFGAEPEDPEPPHEVVREPVTVNFRLKEFACKDGTPVPREYWPNLQRLMERLERLRSALGGHPVTIMSGYRTPDYNASVGGAKNSAHMRATAADIKVKGYSPHDVYATADYIFEEGGVGKYSTFVHCDLDTEVPRPARW,phalp2_20618,4JRfo,endolysin,184,Unknown from Metagenome,,,,
77242,1OJk3,MTKADLTEVQYFANSLGVGVTIDGRNGYFTRRFVKMFQDTFQIGDYSGVGRLVVDGIPGPKTLEAMRMCRAEGGRVSRHFHYKEFRNKGSLTPTVSNHVIRLERELVEGLERLRKETGPIHIASGYRSPVHNRSVGGVNNSQHLYGRAVDLHRSRMRSNVTEAQARAAGFSGVGIESRTNNSVIHLDVRPTPTRWYYR,phalp2_11075,4YH66,endolysin,198,Unknown from Metagenome,,,,
89408,1a6Y5,MTYTKWFESIEDFQRATLGGRGETFRMLEVDGIMGPNTMGCKAMLPYLSPHFRASEFTSNGDGRAHIRREVLAALEVLRARKGGSPLNIVSGYRDPAHNKKVGGASKSQHMQGLAVDIPTGYILTSTVLSLRLFSGIGSFEIGRTNWVRHLDLRHLGPWSDGATPTDPAQWSYN,phalp2_18374,5Bl31,endolysin,174,Unknown from Metagenome,,,,
97018,1dcc5,MDTRQVQEHLKAIGWPINVDGSYGQRTFDAVKEFQRGFSFRDLLADGRAGPATWQALTESVQKGGACSLYFKFAEFKSKGNGWIKCNRELYRRLDQLRHHYGPIGITSGYRDPAHNRRVGGKPNSQHLFAAAVDPRFIRATPSVNAVKRLGLFSGIGYSPSGAVRHVDVRGIMAPNTTGGTPANPTTWAYSN,phalp2_11075,4YH66,endolysin,192,Unknown from Metagenome,,,,
97827,1eDLH,MGFLGSATQRVLAFQTAYNLGAWLSIDGVCGPKTSAAIARSIKAGNRASANFTWAELRCKCGGRLPGCRGILSDRKLLQGLERIRKDSGSVTIHSGYRCPKRNAAVGGAKNSQHMTGKAADINGAMSVSQVEAMRFFNGKGYKRSNNRVVHVDVRSGWVRPWAYAL,phalp2_20618,4JRfo,endolysin,166,Unknown from Metagenome,,,,
158085,2P6L,MKEVSTILRKGTKGNDVKELQTQLNALDINAGIVDGIFGSGTEKAVKELQTIFGLDVDGIVGNDTHYVLNTLKKITHFKLSEFKCEGCKELKLNINLLLKLEELRKQTGLLIVNSGYRSPAYNKKVGGHINSEHLRGNAADVKAANMSPDKVHAIADKIFNGVGKYNTFTHVDMGVKRLRWNG,phalp2_11075,4YH66,endolysin,183,Unknown from Metagenome,,,,
159137,2QSmZ,VSTGAKFAQVFANEAGVPLRKTGRLNFTTRRFVKTFQGAYCRGLYESEPLKVDGIPGPLTCRAMNDSKDHGFRLSANFKMKEFITKGERRVTLSNEVLKVDRQLVLSLEYLRKTIGSPIYILSAYRDPVHNKRIGGASRSQHLYGKAVDVDRALTKRPITEAEARAAGFNGVGMLARSRPGQDVIHVDVRHAAARWFYR,phalp2_11075,4YH66,endolysin,199,Unknown from Metagenome,,,,
167935,2YvUA,VITLVKSTQLKLISLGFGELLGKWGADGIRGQATEKATLSFQKWYNRTFNKSIKEDGIPGPQTSNALDHARRSAGEKGTRNFSIREFRCKGSGTLPKGGIDSNLITKLEQLRYNLGNKAIVINSGYRSPSHNKRVGGASRSQHLYGKAADIVVRGVSPSTVYRAADKLFNGLGSYRTFTHVDTRANKARF,phalp2_11075,4YH66,endolysin,190,Unknown from Metagenome,,,,
171170,2brJc,MVVGMADGKMGSKTKTAIKQFQCAMGLQPDGVVGKQTKAALWDAIIIPRISDEAMKCQCTATGYNYCNGYPMGKGYGISVRILAERIFRECEKKYPGTEFYITTHATPTPNGSNAGGYRCSKWNSKRGGASGSQHKKCLGMDIYGIKAGVSRYDIRQHLEDIAMKLNKFGGVGYGAKYIVHIDTRCSKARWKY,phalp2_10083,30aZ,endolysin,193,Unknown from Metagenome,,,,
196074,31xn,MNTDEMKEVGTILKKGSKGNEVKELQKQLNDLDLKAGEVDGIFGSNTEKAVKELQTIFGLASDGIVGKNTYELLSKLDQITHFKINEFKCRHCGKVKLNINLLLKLEELRKQTGALIINSGYRCPTHNKNVGGITNSEHLKGNAADVNALNMKPDKVHSIADKVFSAGGVGKYKTFTHIDVGSKRFRWNG,phalp2_11075,4YH66,endolysin,190,Unknown from Metagenome,,,,
230110,3RQgp,VKFRKATRDVRLAQSFLIKIGVRLQADGVNGYLTRRAVRMFQHSFSLGTYADAPLVVDGDPGSSTLVAMRLCEKAGFKVSENFGYREFKTWGMQTPTLQNHVIRLDRDLVTACQKLRETVGPVVILSAYRDPSHNRRIGGASRSQHLLGKAIDMDRAKMGRVDEATARAAGFNGIGMRSKADPAVIHMDVRDTATRWYYA,phalp2_11075,4YH66,endolysin,200,Unknown from Metagenome,,,,
240835,3a0kO,LSAYLKMWSQGEEVKKLQSALNTLGNNCGDVDGVWGPKTEAAVREFQTKQNLGIDKEGYDLALKLAAPVTKPETEHFKFEEFECPDGTPIPVEYYGNLQKLMNNLEIVRSELGNRPIIIRSGYRSPEYNAKVGGEPGSWHLQACAADIYCEGYNPNCYNVGQVAYTHFYDKNIGGVGLGSNVNVHVDVRGYRSIWWYTYKSWDSWEDHQ,phalp2_20618,4JRfo,endolysin,209,Unknown from Metagenome,,,,
249798,3gtwi,MGKQEVVQAQEFATAIGIQGLKVNGVNGFYTRRFVRTFQSAFQLNSYGSHPLKADGIPGPLTIQAMQICEENGYRLSSNFKITEFMTKGSRKVSFSNEVVKVDRLLVASLQRLRENLGFPIVILSAYRDPRHNKRVGGAKRSQHLFGKAVDLNRPRIIRNITEAEARNAGFNAVGMLSRSNPDVIHMDVRDSVVRWYYS,phalp2_11075,4YH66,endolysin,199,Unknown from Metagenome,,,,
250161,3hChu,MTKADLTEVQYFANSLGVGVTIDGRNGYFTRRFVKMFQDTFQIGDYSGVGRLVVDGIPGPKTLEAMRICRAEGGRVSRHFRYKEFRNKGSLTPTVSNHVIRLERELVEGLERLRKVTGPIHIASGYRSPVHNRAIGGVSNSQHTYGRAVDLHRSRMRSNVTEAQARAAGFSGVGIESRSNNSVIHLDVRPTPTRWYYR,phalp2_11075,4YH66,endolysin,198,Unknown from Metagenome,,,,
314398,4O8aU,MTATEIQKLLVEIGWPITIDGDMGSQTKTAIKYFQHGYTFANLTVDGIAGRQTREALLDCVKNQRGKCAEFFWFREFASKGNGWIKVHPRLLNRLDELRRRTGVITIVSGYRDPAHNKAVGGATSSQHVLGTAADISGVDGKIARAVGFSGLGVHPNGSVVHVDVRAEGPNNTTGAAIGNPTIWYY,phalp2_11075,4YH66,endolysin,186,Unknown from Metagenome,,,,
322029,4UCn7,MQATTKGSIMSGIVAESQQMLHDLGFTVNGKSVPIDGVVDPRTTEAVRRFQTAYVKSDLKVDGIIGALTHAALEECRMTGGQLTTHFRLREFASKGNGDIRADRQLVIGLQALREVYGAPIGIRSGYRDSAHNRKVGGARGSQHLYGRAADLAWREPMSIDEVAELSLFSGIGYYKKSGKVVHVDVRPKASRANPVTWQY,phalp2_11075,4YH66,endolysin,200,Unknown from Metagenome,,,,
360270,4uzQ2,MSYNTAQAATALRKLGFRIRTTGEYHQAVRTFQGGYNLGAWLALDGVCGPKTQAAIARCVANGGRASAHFFWTEWKCTCGGRFSSCRRVLVDRNLLRRLEAYRSAVGSVAIVSGYRCPGRNHEVGGVSGSRHLLGQAADIRGRLKLSSMQRFGFNGNGVQGSTGLVVHVDVRPTRVRPWTYRW,phalp2_20618,4JRfo,endolysin,183,Unknown from Metagenome,,,,
379388,5BkNL,VTVTEIQELLQEAGWPIEADGKSGPKTKEAVSDFQFGYTFIELKADGIAGPKTQAALLDCLRNEAGRAPGRCAEFFSFREFASKGNGWIKVHPRLLNRLDAYRRVVGPVKVISGYRDPAHNAEIGGASSSQHLYGTACDIPGKLNHEDLADLGFSGIGLDGTLGVHVDVRAEGPNNTTGARVGSPTIWYY,phalp2_11075,4YH66,endolysin,190,Unknown from Metagenome,,,,
426632,5n9bq,MLALAGWPIAVDGKIGPVTREAVSDFQEGFTFIELDVDGKPGPKTHAALVDCVYNSEGRRPGMCSEFFAFKEFKSKGNGWIKVHPRLLNRLDAYRRIVGPVHINSGYRDPAHNRAVGGASSSQHCYGTAADIPGVLGSDEMTEIGFSGLGRSGAVIIHVDVRAEGPNNTTGASVGSPTIWDY,phalp2_11075,4YH66,endolysin,182,Unknown from Metagenome,,,,
476475,6O9iv,VAGWAADKPSRVFLRIDGVMGPATAAAVRRFQRAYGLVGDGVVGPKTMAAVRSLGRGDRGTLNFRWAEFVTPDTGGFGGGRVPPAEARENVRCLMYKLEALRKKLGRPVVVTSGFRSVVYNRRLAGSARNSMHMRGIAADVVVAGVPPVVVAGMMKTCGLSGVRAYEKHAHGDSRAQSPEYGSPRFWWG,phalp2_20618,4JRfo,endolysin,189,Unknown from Metagenome,,,,
478391,6PjYq,MKAKRAQRILIKCGWPLKADGKLGPVTRSAIKDFQMGWAFGKKIRSSGKLNPRTVAALKKAEKRGGACSKHFFYREWKSKGNGWIRVNRVLVRGLETYRARFGATAIISGYRDWNYHVELYHRMGQAPTTQSQHLDGDASDIPGTATLGQVKTLQVFSGIGIRSGKVVHVDVRHAGNGPNTTGGTPTNPTVWNY,phalp2_11075,4YH66,endolysin,194,Unknown from Metagenome,,,,
557251,7UAgk,MSTIVSESQQALQDLGFTVNGKPILVDGIAGKRTTQAVRWFQAAWVKTELKVDGIIGGLTAAALKEARLVGGQLTANFSLREFASKGNGDIRVDRDLVISLQKLRETYGAPIAIRSGYRDTAHNKKVGGATGSQHLYGRAADLIWTRWPLRLDAVRELELFSGIGYYADTGNVLHVDVRPNATRKNPTTWSY,phalp2_11075,4YH66,endolysin,192,Unknown from Metagenome,,,,
581744,7kbPk,MIQVGSRGHEVEKFQTSAIELGFGELLGGHGADGVFGEDTEKTAIALQKWLGVKADAIPGPITYKAIDKAKKNAGNKGTRNFKISEFNSKDGGGMLKGGMSDELLLKLETLRYQCGNKPMRINSGYRTKSHNKAVGGASNSQHMYGRAADVVVVGVSPSMVYKKAVKLFSNGGVGKYNTFTHVDTRGYKARF,phalp2_20618,4JRfo,endolysin,192,Unknown from Metagenome,,,,
671920,8kfrf,MNVTEIQQALSDIGWPISVDGKSGAQTKEAVSDFQRGYAFSELVIDGNPGTNTQNALQDSLSKGGNCSNFFAYREFASSGNGWIKVNRALVAALDVYRSNVNRPVRIVSGYRDPDQNAKAGGAKNSQHLYGNAADLEQIVSQHDVITMRLFSGIGTVGDSNGNVAHVDVRHDGPNTTGGSPNAPTLWYY,phalp2_11075,4YH66,endolysin,189,Unknown from Metagenome,,,,
673081,8lUCJ,MNTTELQTALVRIGWPIKTDGDYGAITRQAVRDFQAGLSLGYALTIDGQAGPATYKALDHSLSLGGKCGSNFYFREFASKGNGWIRTSRDLVAALDRYRWKTGPVKIISGYRDPAHNTRVGGASRSQHPLGTAVDIEQKVTVAVARSFGFRGIGYQGATGLVRHVDMRPGNVVVWRYS,phalp2_11075,4YH66,endolysin,178,Unknown from Metagenome,,,,
678722,8oQUr,MDEQVRQAQTWLREIGFWVDGHQLVVDGVLGPQTRLATKRFQQGWTPSALARDGIPGPLTLAALEQCVAWGGRASEHFRFEEFASRGNGEIFVERILVLQLEKLRAVTGPIGITSGYRDPAYNTKIGGARNSQHMYGCAVDPRFARHVDFREVRALELFSGIGFRPSADNLVQHVDIRPGSPQHPTTWTYGPR,phalp2_11075,4YH66,endolysin,193,Unknown from Metagenome,,,,
726341,X4xe,MTKADLTEAQYFANSLGVGVTIDGRNGYFTRRFCKMFQDTFQIGDYSGVGRLVVDGIPGPKTLEAMRMCRAEGGRVSRHFHYKEFRNKGSLTPTVSNHVIRLERELVEGLERLRKVAGPIHIASGYRSPVHNRAIGGVSNSQHTYGRAVDLHRSRMRSNVTEAQARAAGFSGVGIESRSNNSVIHLDVRPTPTRWYYR,phalp2_11075,4YH66,endolysin,198,Unknown from Metagenome,,,,
731282,c0SQ,VNTKEVQQALIDLGWPIIADGDFGAKTHEAVTDFQRGFAWYNLLIDGYAGEQTQNALKGCLYYGGFAGPHFKFREFKSKGNGWIKVNRHLIRGLIQVRERYGPFTPVSAYRDPAYNKKIGSVPNSQHLYGNAVDIPRELGLTVGAVKNFGAFSGIGISKRDGKVLHVDVRHLGPNTTGGSVQNPSIWYYA,phalp2_11075,4YH66,endolysin,190,Unknown from Metagenome,,,,
755273,y5ti,MASTANVAKSQEFAIDLGVRVVVDGRNGHFTKRFVKTFQSAYTFANLSVDGDPGPKTLAAMAECRNNGFKLSKNFTIQEIGITKGSKRVTRSNPVFLVERGLVESLQKLRNSIGRPIYIVSAFRDPEHNRVVGGAANSQHLYGRAVDIDRTK,phalp2_11075,4YH66,endolysin,152,Unknown from Metagenome,,,,
